station_code,monomodal_stop_id,monomodal_code,stop_name,parent_station,stop_lat,stop_lon,zone_id
790,monomodalStopPlace:58793,58793,Villepinte,IDFM:73547,48.96256540760733,2.512783848981341,4
ABL,monomodalStopPlace:46387,46387,Ablon,IDFM:69554,48.72578126379895,2.4198671478914595,4
ACH,monomodalStopPlace:46647,46647,Achères Ville,IDFM:73604,48.970643570814424,2.0777265246565433,5
AER,monomodalStopPlace:462398,462398,Aéroport CDG 1 (Terminal 3) - RER,IDFM:73596,49.00979397116337,2.5614121946317394,5
AIS,monomodalStopPlace:43156,43156,Maisse,IDFM:59470,48.39367132989446,2.393493661032251,5
ALE,monomodalStopPlace:43213,43213,Val d'Europe,IDFM:68266,48.85484622851565,2.7724268942340276,5
ALF,monomodalStopPlace:47900,47900,Val de Fontenay,IDFM:71718,48.85424654032024,2.4890536307751616,3
ALM,monomodalStopPlace:415091,415091,Pont de l'Alma,IDFM:492980,48.86247496310803,2.3003592740110994,1
AMA,monomodalStopPlace:47927,47927,Gare de Chamarande,IDFM:59734,48.51405318948937,2.2151562718541644,5
ANT,monomodalStopPlace:43066,43066,Antony,IDFM:69759,48.754632057173126,2.300890371505836,3
ARD,monomodalStopPlace:43149,43149,Lardy,IDFM:59761,48.520620553497956,2.255014220399748,5
ARG,monomodalStopPlace:43251,43251,Garges - Sarcelles,IDFM:65582,48.97632635843972,2.3899547555239407,4
ARN,monomodalStopPlace:43239,43239,Marne-la-Vallée Chessy,IDFM:68385,48.86979506673141,2.7824826512673546,5
ARO,monomodalStopPlace:43159,43159,Marolles-en-Hurepoix,IDFM:59948,48.56564453550255,2.290908349251896,5
ARP,monomodalStopPlace:43068,43068,Arpajon,IDFM:60072,48.58599680822646,2.2412169696111426,5
ART,monomodalStopPlace:43191,43191,Sartrouville,IDFM:64918,48.93769529363442,2.1572200388507317,4
ASS,monomodalStopPlace:58774,58774,Massy - Palaiseau,IDFM:63244,48.725169897390685,2.2583036495255926,4
ATH,monomodalStopPlace:46395,46395,Athis-Mons,IDFM:63134,48.71266832171659,2.403668724287269,4
ATO,monomodalStopPlace:53783,53783,Chatou - Croissy,IDFM:64483,48.88519702561107,2.1559376624708975,4
AUL,monomodalStopPlace:43071,43071,Aulnay-sous-Bois,IDFM:72646,48.932150935734064,2.495597257086315,4
AUR,monomodalStopPlace:44801,44801,Saint-Maur - Créteil,IDFM:70393,48.80619648110731,2.4729094308778183,3
AUS,monomodalStopPlace:43072,43072,Gare d'Austerlitz,IDFM:71135,48.84032035638395,2.367818767583529,1
AVE,monomodalStopPlace:45419,45419,Avenue du Président Kennedy Maison de Radio France,IDFM:71212,48.85352548506894,2.279679454187814,1
BAC,monomodalStopPlace:43228,43228,Les Baconnets,IDFM:69622,48.73984612871272,2.288108127151424,4
BAG,monomodalStopPlace:44493,44493,Bagneux,IDFM:70210,48.79333690627149,2.3220087047421583,3
BAL,monomodalStopPlace:43087,43087,Ballancourt,IDFM:59825,48.53101531216478,2.3700930488013845,5
BIB,monomodalStopPlace:45301,45301,Bibliothèque François Mitterrand,IDFM:71572,48.8288801225864,2.377758552865005,1
BLA,monomodalStopPlace:46163,46163,Le Blanc-Mesnil,IDFM:72648,48.93230698220945,2.4753884360764298,3
BOI,monomodalStopPlace:43092,43092,Boigneville,IDFM:59420,48.341208632507616,2.378618440416535,5
BOU,monomodalStopPlace:43097,43097,Bourg-la-Reine,IDFM:70033,48.78026436884244,2.312278311834309,3
BRA,monomodalStopPlace:45850,45850,Le Bras de Fer,IDFM:60422,48.623306397197155,2.4520047548737254,5
BRE,monomodalStopPlace:43098,43098,Brétigny,IDFM:60247,48.60664906621052,2.3019573828860596,5
BRY,monomodalStopPlace:43101,43101,Bry-sur-Marne,IDFM:73166,48.845137476280854,2.525670945020106,4
BUN,monomodalStopPlace:43102,43102,Buno - Gironville,IDFM:59447,48.37149489082515,2.3872541083159335,5
BUR,monomodalStopPlace:43103,43103,Bures-sur-Yvette,IDFM:62851,48.69621022314541,2.1643461393269345,5
BUS,monomodalStopPlace:58874,58874,Bussy-Saint-Georges,IDFM:68105,48.83671337078136,2.7103828395096956,5
CAR,monomodalStopPlace:45493,45493,Pont Cardinet,IDFM:71475,48.88839532721545,2.312950431098551,1
CER,monomodalStopPlace:43104,43104,Cergy le Haut,IDFM:66834,49.04823262405815,2.011579068023536,5
CES,monomodalStopPlace:42516,42516,Cesson,IDFM:62176,48.56486314053174,2.5946150549367304,5
CHO,monomodalStopPlace:43110,43110,Choisy-le-Roi,IDFM:69852,48.76387977763339,2.411287538155699,3
CIT,monomodalStopPlace:473843,473843,Cité Universitaire,IDFM:70623,48.82150600684166,2.3388576809777035,1
COM,monomodalStopPlace:45771,45771,Combs-la-Ville - Quincy,IDFM:62558,48.667819721800015,2.5476998823085504,5
CON,monomodalStopPlace:43114,43114,Conflans Fin d'Oise,IDFM:73605,48.991156287258484,2.0746499245710193,5
COR,monomodalStopPlace:43115,43115,Corbeil-Essonnes,IDFM:60309,48.61323864277619,2.472467657639279,5
CRO,monomodalStopPlace:46007,46007,La Croix de Berny,IDFM:69813,48.76171816323692,2.3042107053612133,3
CYR,monomodalStopPlace:46990,46990,Saint-Cyr,IDFM:73731,48.798810937000425,2.073338070779781,5
DEF,monomodalStopPlace:470549,470549,La Défense,IDFM:71517,48.892229801568206,2.238418596250407,3
DEN,monomodalStopPlace:412743,412743,Saint-Denis,IDFM:72323,48.93482889939617,2.345479004987329,3
DOU,monomodalStopPlace:43121,43121,Dourdan,IDFM:59836,48.53376051220457,2.008756915662106,5
DRA,monomodalStopPlace:43122,43122,Drancy,IDFM:72652,48.932732553959134,2.454883180745302,3
EGL,monomodalStopPlace:415484,415484,Égly,IDFM:60052,48.582715781664064,2.2234625238542307,5
EME,monomodalStopPlace:43074,43074,Émerainville - Pontault-Combault,IDFM:67897,48.80587944608123,2.618502939849115,5
EMY,monomodalStopPlace:47889,47889,Saint-Rémy-lès-Chevreuse,IDFM:62978,48.702732696472715,2.071385742904064,5
ENA,monomodalStopPlace:47599,47599,Saint-Ouen-l'Aumône,IDFM:66803,49.04530690087292,2.105230857870794,5
ENE,monomodalStopPlace:43188,43188,Sainte - Geneviève-des-Bois,IDFM:60785,48.65295347339147,2.3129608959702024,5
ENF,monomodalStopPlace:473890,473890,Denfert-Rochereau,IDFM:71056,48.83318643678081,2.333220634641387,1
ENT,monomodalStopPlace:45877,45877,Gentilly,IDFM:70543,48.815228092611335,2.340926830790754,2
ENU,monomodalStopPlace:45447,45447,Avenue Henri Martin,IDFM:71286,48.86545537297977,2.2722351438875577,1
EPI,monomodalStopPlace:43076,43076,Épinay-sur-Orge,IDFM:60915,48.6693475106473,2.332043500451718,4
ERE,monomodalStopPlace:44314,44314,Péreire Levallois,IDFM:71453,48.88602700780433,2.2992286819828145,1
ERG,monomodalStopPlace:44559,44559,Cergy Préfecture,IDFM:66696,49.036306683133965,2.0797809490013073,5
ERM,monomodalStopPlace:47898,47898,Ermont - Eaubonne,IDFM:65669,48.98049890628609,2.2707541014797794,4
ERN,monomodalStopPlace:43105,43105,Cernay,IDFM:65752,48.985149200200375,2.257017857907824,4
ERO,monomodalStopPlace:473364,473364,Aéroport Charles de Gaulle 2 (Terminal 2),IDFM:73699,49.0041455478504,2.5709800477570233,5
ERS,monomodalStopPlace:43219,43219,Versailles Chantiers,IDFM:63880,48.79526039893613,2.1349078603373464,4
ERT,monomodalStopPlace:43142,43142,La Ferté-Alais,IDFM:59661,48.4855007310595,2.352260197381972,5
ESG,monomodalStopPlace:47915,47915,Achères Grand Cormier,IDFM:65190,48.95541092942684,2.0936529195192275,5
ESI,monomodalStopPlace:53784,53784,Le Vésinet - Centre,IDFM:64514,48.89013759185911,2.1343339900216813,4
EST,monomodalStopPlace:470519,470519,Gare de l'Est,IDFM:71359,48.87857171221123,2.360305141171757,1
ETA,monomodalStopPlace:43080,43080,Étampes,IDFM:478855,48.437062675829104,2.159819133907717,5
ETR,monomodalStopPlace:43081,43081,Étréchy,IDFM:59678,48.49387742150091,2.1947692381982216,5
EUD,monomodalStopPlace:43163,43163,Meudon Val Fleury,IDFM:70412,48.807552358196936,2.2409419171683633,3
EUI,monomodalStopPlace:43172,43172,Neuilly-Plaisance,IDFM:73190,48.85252451313788,2.5145898211367705,3
EUV,monomodalStopPlace:46304,46304,Villeneuve Triage,IDFM:69671,48.744611139140474,2.438697833840877,4
EVI,monomodalStopPlace:43171,43171,Nanterre Ville,IDFM:70940,48.89501972616058,2.19511769490499,3
FAR,monomodalStopPlace:45814,45814,Saint-Fargeau,IDFM:62172,48.56502608446919,2.5426100742385285,5
FRA,monomodalStopPlace:43126,43126,Franconville - Le Plessis-Bouchard,IDFM:66005,48.99374640051787,2.2341907839306554,4
GAG,monomodalStopPlace:43044,43044,Gagny,IDFM:73278,48.883728731604535,2.5254046016945138,4
GEN,monomodalStopPlace:43130,43130,Gennevilliers,IDFM:72303,48.93282405536431,2.307982254553742,3
GER,monomodalStopPlace:43198,43198,Saint-Germain-en-Laye,IDFM:64589,48.898745300550765,2.095041912326374,4
GIF,monomodalStopPlace:47888,47888,Gif-sur-Yvette,IDFM:62890,48.698175579920274,2.13649439862523,5
GNY,monomodalStopPlace:47665,47665,Savigny-le-Temple - Nandy,IDFM:62290,48.59548998563483,2.5839359760934313,5
GOU,monomodalStopPlace:47876,47876,Goussainville,IDFM:66535,49.02341075826703,2.4625658079312593,5
GRE,monomodalStopPlace:43131,43131,Gretz-Armainvilliers,IDFM:67658,48.74645539980236,2.727167738339898,5
GRI,monomodalStopPlace:43132,43132,Grigny Centre,IDFM:60797,48.65484195083382,2.39678605544789,5
HAC,monomodalStopPlace:47046,47046,La Hacquinière,IDFM:62825,48.695299548452454,2.1516106103390045,5
HAN,monomodalStopPlace:411428,411428,Chantilly - Gouvieux,IDFM:411429,49.187030004663995,2.4595159140085237,
HAU,monomodalStopPlace:58718,58718,Haussmann Saint-Lazare,IDFM:73688,48.874998862001185,2.328646179742093,1
HEL,monomodalStopPlace:58879,58879,Chelles - Gournay,IDFM:68407,48.87411948897062,2.5833806594500697,4
HEM,monomodalStopPlace:46035,46035,Chemin d'Antony,IDFM:69682,48.747936542587276,2.3126496863919335,4
HEN,monomodalStopPlace:43127,43127,Le Chénay Gagny,IDFM:73266,48.877159125382796,2.5527724908646303,4
HOU,monomodalStopPlace:43082,43082,Houilles - Carrières-sur-Seine,IDFM:64741,48.92034757911033,2.1851757042018707,4
ICH,monomodalStopPlace:44877,44877,Saint-Michel Notre-Dame,IDFM:73620,48.853023793740164,2.344959780029387,1
IER,monomodalStopPlace:43180,43180,Pierrelaye,IDFM:66491,49.01917957374756,2.1545313948758564,5
IEU,monomodalStopPlace:47669,47669,Lieusaint - Moissy,IDFM:62412,48.62833648393033,2.569507070898012,5
INV,monomodalStopPlace:470540,470540,Invalides,IDFM:71274,48.8627130056211,2.3126576509104404,1
IRO,monomodalStopPlace:462388,462388,Viroflay Rive Gauche,IDFM:63923,48.800665521455045,2.17158260741522,3
ISE,monomodalStopPlace:47009,47009,Palaiseau,IDFM:63175,48.71686524330362,2.24558429554376,4
ISO,monomodalStopPlace:473109,473109,Maisons-Laffitte,IDFM:65048,48.94574060746957,2.1446722659338855,4
ISS,monomodalStopPlace:43084,43084,Issy,IDFM:70612,48.81933737870203,2.257883547622023,2
ISY,monomodalStopPlace:44201,44201,Noisy-le-Sec,IDFM:72041,48.8966634168645,2.4591980956866797,3
IVR,monomodalStopPlace:46366,46366,Ivry-sur-Seine,IDFM:424396,48.8139591342409,2.391677280020743,2
JAV,monomodalStopPlace:45346,45346,Javel,IDFM:71150,48.84716158046345,2.27803679359566,1
JUV,monomodalStopPlace:45739,45739,Juvisy,IDFM:478505,48.68970940912314,2.383334629403869,4
LAB,monomodalStopPlace:47904,47904,Villabé,IDFM:60124,48.592814943454,2.461533386360794,5
LAP,monomodalStopPlace:43607,43607,Laplace,IDFM:70427,48.808360137202826,2.3343440158701894,2
LAZ,monomodalStopPlace:58566,58566,Gare Saint-Lazare,IDFM:71370,48.87747568635212,2.3244386552397684,1
LEN,monomodalStopPlace:45067,45067,Villeneuve-Saint-Georges,IDFM:69568,48.730080267741016,2.446304786739812,4
LEP,monomodalStopPlace:46725,46725,Villeparisis - Mitry-le-Neuf,IDFM:68916,48.95316214687084,2.603220561532749,5
LES,monomodalStopPlace:45820,45820,Le Plessis Chenet,IDFM:60006,48.57358727886637,2.4795222910084975,5
LEV,monomodalStopPlace:47883,47883,Chaville - Vélizy,IDFM:69487,48.79968116446791,2.1834187943404744,3
LIC,monomodalStopPlace:44514,44514,Porte de Clichy,IDFM:71545,48.894262568309564,2.3159411535514716,1
LIE,monomodalStopPlace:43223,43223,Villiers-sur-Marne - Le Plessis-Trévise,IDFM:73097,48.82324786783017,2.542644466674205,4
LLI,monomodalStopPlace:43222,43222,Villiers-le-Bel - Gonesse - Arnouville,IDFM:66009,48.99377204005172,2.4162467958973055,4
LOG,monomodalStopPlace:43152,43152,Lognes,IDFM:68123,48.839255049438655,2.633026934567703,5
LOU,monomodalStopPlace:44628,44628,Louvres,IDFM:69300,49.04933726826723,2.5018113143714777,5
LOZ,monomodalStopPlace:474069,474069,Lozère,IDFM:63029,48.705912413627026,2.212717641845953,4
LUX,monomodalStopPlace:43833,43833,Luxembourg,IDFM:71161,48.84543177842458,2.3398088878203698,1
LYO,monomodalStopPlace:470195,470195,Gare de Lyon,IDFM:73626,48.84340211646564,2.376365660931201,1
MAG,monomodalStopPlace:58572,58572,Magenta,IDFM:478733,48.88081039411524,2.358695908637114,1
MAI,monomodalStopPlace:43154,43154,Maisons-Alfort - Alfortville,IDFM:73625,48.80217813521484,2.4264376603578035,3
MAL,monomodalStopPlace:411485,411485,Malesherbes,IDFM:411486,48.293633291470464,2.4010364417288774,
MAS,monomodalStopPlace:47940,47940,Massy - Verrières,IDFM:63320,48.7349579552114,2.273978779055319,4
MEE,monomodalStopPlace:45784,45784,Le Mée,IDFM:62003,48.538746730738936,2.6255537322060074,5
MEL,monomodalStopPlace:47909,47909,Melun,IDFM:61926,48.527491277248295,2.65469836071817,5
MEN,monomodalStopPlace:47899,47899,Mennecy,IDFM:59984,48.57054850948166,2.4319348900260658,5
MIC,monomodalStopPlace:43202,43202,Saint-Michel-sur-Orge,IDFM:60536,48.635615525211605,2.3068029676156123,5
MIT,monomodalStopPlace:43164,43164,Mitry - Claye,IDFM:69065,48.9757479508066,2.6422341369736606,5
MOU,monomodalStopPlace:45761,45761,Moulin Galant,IDFM:60084,48.58688228073328,2.473444919964576,5
MPI,monomodalStopPlace:58270,58270,Champigny,IDFM:73042,48.80682309456137,2.510538043646919,3
MPM,monomodalStopPlace:58757,58757,Champ de Mars Tour Eiffel,IDFM:73844,48.8564765666592,2.2896562493865478,1
MUS,monomodalStopPlace:45705,45705,Musée d'Orsay,IDFM:71269,48.860365575927474,2.326623034830927,1
NAT,monomodalStopPlace:473875,473875,Nation,IDFM:71673,48.84823319072756,2.3959444654495297,1
NAY,monomodalStopPlace:462330,462330,Épinay-sur-Seine,IDFM:72383,48.95520944800977,2.302140330177491,
NEU,monomodalStopPlace:415093,415093,Neuilly Porte Maillot,IDFM:71379,48.878347804048644,2.284217509613705,1
NOI,monomodalStopPlace:44199,44199,Noisiel,IDFM:68153,48.84351408493866,2.616660606000051,5
NOR,monomodalStopPlace:462394,462394,Gare du Nord,IDFM:71410,48.88230685842714,2.356693437528564,1
NTE,monomodalStopPlace:43125,43125,Fontenay-aux-Roses,IDFM:70133,48.78756698215643,2.2929083820455323,3
NTH,monomodalStopPlace:45812,45812,Ponthierry - Pringy,IDFM:61976,48.535084951085466,2.5445365646399507,5
NTI,monomodalStopPlace:43166,43166,Montigny - Beauchamp,IDFM:66335,49.007744118117,2.1965151756043033,4
NTM,monomodalStopPlace:47886,47886,Nogent-sur-Marne,IDFM:71590,48.834306538503405,2.471683791180998,3
OGE,monomodalStopPlace:46552,46552,Nogent - Le Perreux,IDFM:71609,48.839991175687295,2.4939549579206104,3
OIN,monomodalStopPlace:43135,43135,Joinville-le-Pont,IDFM:70640,48.82119737360793,2.4638739495546496,3
OIS,monomodalStopPlace:43094,43094,Boissy-Saint-Léger,IDFM:72881,48.752267307821874,2.504498176690716,4
OND,monomodalStopPlace:43096,43096,Bondy,IDFM:72037,48.893965864676495,2.4795800358385867,3
ONT,monomodalStopPlace:43124,43124,Fontaine Michalon,IDFM:69647,48.74304953436299,2.2959559818374013,4
ORA,monomodalStopPlace:48489,48489,Orangis Bois de l'Épine,IDFM:60542,48.6363396147683,2.40769076622141,5
ORL,monomodalStopPlace:46299,46299,Orly Ville,IDFM:69639,48.74163230680523,2.4030548924063897,4
ORN,monomodalStopPlace:411418,411418,La Borne Blanche,IDFM:411419,49.1261949449139,2.5069908684194053,
ORR,monomodalStopPlace:411421,411421,Orry-la-Ville - Coye,IDFM:411422,49.13840546145438,2.489862086302069,
ORS,monomodalStopPlace:43086,43086,Orsay Ville,IDFM:62892,48.6975077019159,2.1808087044597166,5
ORT,monomodalStopPlace:44500,44500,Port Royal,IDFM:71106,48.840064350218256,2.3371383995944486,1
ORV,monomodalStopPlace:47939,47939,La Norville - Saint-Germain-lès-Arpajon,IDFM:60115,48.59111916474817,2.266215906699314,5
OSA,monomodalStopPlace:58498,58498,Rosa Parks,IDFM:73798,48.89645824176388,2.3737182728654673,1
OUD,monomodalStopPlace:45824,45824,Le Coudray-Montceaux,IDFM:59953,48.56619819315809,2.492424499497774,5
OUE,monomodalStopPlace:43150,43150,Saint-Ouen-l'Aumône Liesse,IDFM:66659,49.0341234164973,2.128124092657316,5
OUL,monomodalStopPlace:45453,45453,Boulainvilliers,IDFM:71229,48.856981095562965,2.274806827480264,1
OUS,monomodalStopPlace:47924,47924,Boussy-Saint-Antoine,IDFM:62596,48.68087387117553,2.533195809235637,5
OUT,monomodalStopPlace:47895,47895,Boutigny,IDFM:59565,48.43442542513416,2.3767454804181263,5
OZO,monomodalStopPlace:462901,462901,Ozoir-la-Ferrière,IDFM:462934,48.77076716837013,2.690116190500944,5
PAL,monomodalStopPlace:43175,43175,Palaiseau - Villebon,IDFM:63067,48.7081489333421,2.237329249708309,4
PAN,monomodalStopPlace:43176,43176,Pantin,IDFM:72421,48.897987452300434,2.4010414542870944,2
PAR,monomodalStopPlace:43177,43177,Parc de Sceaux,IDFM:69906,48.769718949712896,2.309934691589042,3
PIE,monomodalStopPlace:43179,43179,Pierrefitte - Stains,IDFM:72787,48.96277628555098,2.3703314284767747,4
PIN,monomodalStopPlace:43077,43077,Épinay-sur-Seine,IDFM:72383,48.95382604164122,2.302388375122374,3
PLA,monomodalStopPlace:43145,43145,La Plaine Stade de France,IDFM:72211,48.918076675621,2.362459916604931,2
POI,monomodalStopPlace:47874,47874,Poissy,IDFM:64883,48.93324983956547,2.040804469960689,5
PON,monomodalStopPlace:44411,44411,Pontoise,IDFM:66816,49.04673337596684,2.0957859968423524,5
POR,monomodalStopPlace:43183,43183,Porchefontaine,IDFM:63886,48.79654475986442,2.1522340489858127,4
QUE,monomodalStopPlace:461504,461504,Saint-Quentin en Yvelines - Montigny-le-Bretonneux,IDFM:63812,48.78748491597792,2.044615988930814,5
RAI,monomodalStopPlace:47901,47901,Le Raincy - Villemomble - Montfermeil,IDFM:73297,48.8888544132907,2.5130610056844116,4
RAN,monomodalStopPlace:45860,45860,Grand Bourg,IDFM:73627,48.64880840591746,2.4348387319350167,5
RAT,monomodalStopPlace:43201,43201,Saint-Gratien,IDFM:65305,48.963658273529425,2.285777828585351,4
RCE,monomodalStopPlace:47878,47878,Parc des Expositions,IDFM:73568,48.97356812654279,2.5145512908225953,4
RCM,monomodalStopPlace:43234,43234,Le Parc de Saint-Maur,IDFM:70359,48.8054097518155,2.486623744135692,3
RCU,monomodalStopPlace:43067,43067,Arcueil - Cachan,IDFM:70263,48.79869767228883,2.328093276131277,3
RDO,monomodalStopPlace:43227,43227,Les Ardoines,IDFM:70064,48.78248922625494,2.409587305033223,3
REF,monomodalStopPlace:487011,487011,Nanterre-La-Folie,IDFM:488087,48.897581324774116,2.226568794458685,2
REI,monomodalStopPlace:411440,411440,Creil,IDFM:411441,49.264185555044406,2.46892902764167,
RES,monomodalStopPlace:43230,43230,Les Grésillons,IDFM:72225,48.9206901983449,2.313901968217972,3
RET,monomodalStopPlace:46286,46286,Créteil Pompadour,IDFM:69950,48.771254072297346,2.435315840251248,3
REU,monomodalStopPlace:43099,43099,Breuillet Village,IDFM:59940,48.56433413404574,2.170354257290333,5
RGY,monomodalStopPlace:47897,47897,Cergy Saint-Christophe,IDFM:66858,49.049642166828754,2.0345219282999176,5
RIG,monomodalStopPlace:58798,58798,Pont du Garigliano - Hôpital Européen G. Pompidou,IDFM:74002,48.83888336270874,2.2704701876900395,1
RIS,monomodalStopPlace:47948,47948,Ris-Orangis,IDFM:60839,48.659057463386254,2.414997460834355,5
RLE,monomodalStopPlace:58759,58759,Charles de Gaulle - Etoile,IDFM:71347,48.874172759565376,2.295231447641207,1
ROB,monomodalStopPlace:43186,43186,Robinson,IDFM:427230,48.78023982792202,2.281364769669608,3
ROI,monomodalStopPlace:46568,46568,Roissy-en-Brie,IDFM:67839,48.79563367624288,2.650530702348584,5
RON,monomodalStopPlace:47952,47952,Saint-Chéron,IDFM:59882,48.550937745357075,2.1249767315730463,5
ROS,monomodalStopPlace:42356,42356,Rosny Bois Perrier,IDFM:426280,48.88258632328664,2.4811863962676766,3
RRE,monomodalStopPlace:43170,43170,Nanterre Université,IDFM:70956,48.90112974604822,2.213536495127317,3
RSA,monomodalStopPlace:43220,43220,Versailles Château Rive Gauche,IDFM:73721,48.79991350059487,2.130150772175517,4
RTG,monomodalStopPlace:46222,46222,Vert Galant,IDFM:73482,48.944091645418105,2.5663968806983126,4
RTI,monomodalStopPlace:47115,47115,Saint-Martin d'Étampes,IDFM:59531,48.42748765080825,2.145258831307165,5
RTM,monomodalStopPlace:464040,464040,Le Vert de Maisons,IDFM:73624,48.78883131123265,2.4321242678299977,3
RUE,monomodalStopPlace:58875,58875,Rueil-Malmaison,IDFM:70902,48.88767250064626,2.172366417897185,3
RUN,monomodalStopPlace:44787,44787,Rungis la Fraternelle,IDFM:69633,48.74021613668418,2.3521980873905326,4
RYC,monomodalStopPlace:47906,47906,Évry - Courcouronnes,IDFM:60450,48.62588794663492,2.4300329095214526,5
SAU,monomodalStopPlace:46298,46298,Les Saules,IDFM:69662,48.74520105223681,2.4174549898851208,4
SAV,monomodalStopPlace:43192,43192,Savigny-sur-Orge,IDFM:60987,48.67639468866699,2.3523541804056833,4
SCE,monomodalStopPlace:59206,59206,Sceaux,IDFM:74265,48.781307920937515,2.2979282159439305,3
SER,monomodalStopPlace:47950,47950,Sermaise,IDFM:59842,48.535687624993614,2.069088468619773,5
SEV,monomodalStopPlace:43193,43193,Sevran Beaudottes,IDFM:73491,48.94700236504643,2.5247262164471342,4
SNY,monomodalStopPlace:47877,47877,Rosny-sous-Bois,IDFM:71935,48.87007067367753,2.4857557993217947,3
SSI,monomodalStopPlace:45763,45763,Boissise-le-Roi,IDFM:61943,48.52985734002498,2.57179291425262,5
SSO,monomodalStopPlace:45759,45759,Essonnes Robinson,IDFM:422776,48.60581740091332,2.463295818844443,5
SSY,monomodalStopPlace:462357,462357,Issy - Val de Seine,IDFM:71016,48.83050964570215,2.2640113460455353,2
STA,monomodalStopPlace:43204,43204,Stade de France Saint-Denis,IDFM:72206,48.91769737260247,2.3504430479100207,2
SUC,monomodalStopPlace:58792,58792,Sucy - Bonneuil,IDFM:72929,48.77206393780998,2.5074994611650823,4
SYC,monomodalStopPlace:58937,58937,Noisy - Champs,IDFM:73163,48.84289619599068,2.580103342831972,4
SYG,monomodalStopPlace:474082,474082,Noisy-le-Grand - Mont d'Est,IDFM:412697,48.84088525041221,2.550026754158765,4
TEL,monomodalStopPlace:45102,45102,Châtelet les Halles,IDFM:474151,48.86174503191322,2.34697651043533,1
TEN,monomodalStopPlace:47238,47238,Fontenay-sous-Bois,IDFM:71630,48.8437885964859,2.463537806527943,3
TER,monomodalStopPlace:43169,43169,Nanterre Préfecture,IDFM:70945,48.895886773064674,2.2229862429913676,3
TGE,monomodalStopPlace:47684,47684,Montgeron - Crosne,IDFM:63072,48.70871108366713,2.461377446437224,4
TOR,monomodalStopPlace:43207,43207,Torcy,IDFM:68129,48.83971015133779,2.655169106193295,5
TOU,monomodalStopPlace:43208,43208,Tournan,IDFM:67625,48.739445157221006,2.7589013341652717,5
UBE,monomodalStopPlace:45873,45873,Auber,IDFM:478926,48.872348840718196,2.3296591495793595,1
UEN,monomodalStopPlace:43203,43203,Saint-Ouen,IDFM:72126,48.90456082213364,2.322694729473372,2
UES,monomodalStopPlace:47968,47968,Les Noues,IDFM:66650,49.03307204384692,2.477713962139221,5
UIC,monomodalStopPlace:43232,43232,Le Guichet,IDFM:63025,48.705497380193584,2.1929739951487424,5
UIL,monomodalStopPlace:47925,47925,Breuillet - Bruyères-le-Châtel,IDFM:60028,48.57760979436327,2.1922487394356454,5
ULL,monomodalStopPlace:58267,58267,Les Boullereaux Champigny,IDFM:73098,48.82486398816196,2.511990843607618,3
UNG,monomodalStopPlace:47907,47907,Pont de Rungis Aéroport d'Orly,IDFM:69677,48.74834625868034,2.373209854795934,4
UNO,monomodalStopPlace:58873,58873,Brunoy,IDFM:67476,48.698914475306886,2.5068503123113692,5
URA,monomodalStopPlace:47905,47905,Bouray,IDFM:59830,48.53290340283496,2.2900778137432436,5
URC,monomodalStopPlace:47052,47052,Courcelle-sur-Yvette,IDFM:62951,48.70131367727702,2.097722386795541,5
URD,monomodalStopPlace:47095,47095,Dourdan la Forêt,IDFM:59843,48.53542058733677,1.996005688002604,5
URG,monomodalStopPlace:43231,43231,Le Bourget,IDFM:72641,48.930744340383264,2.425825637815098,3
URN,monomodalStopPlace:43140,43140,La Courneuve - Aubervilliers,IDFM:72598,48.92429743203911,2.3861140570949475,3
URV,monomodalStopPlace:47958,47958,Survilliers - Fosses,IDFM:69450,49.09951161811565,2.525517836696695,5
UVE,monomodalStopPlace:46307,46307,Villeneuve-le-Roi,IDFM:69625,48.73968685807613,2.426423645047488,4
UVI,monomodalStopPlace:47879,47879,Neuville Université,IDFM:66436,49.01374275942672,2.078348820578231,5
VAI,monomodalStopPlace:43211,43211,Vaires - Torcy,IDFM:68419,48.87517306494243,2.637705554664271,5
VAR,monomodalStopPlace:43146,43146,La Varenne - Chennevières,IDFM:72998,48.79532749459459,2.5132322873015256,3
VEN,monomodalStopPlace:45437,45437,Avenue Foch,IDFM:71321,48.86985281215763,2.2747712644338454,1
VES,monomodalStopPlace:43237,43237,Le Vésinet - Le Pecq,IDFM:64582,48.89794951079969,2.122132232303764,4
VIG,monomodalStopPlace:45735,45735,Vigneux-sur-Seine,IDFM:63071,48.70808932141768,2.413499342148242,4
VIN,monomodalStopPlace:43224,43224,Vincennes,IDFM:71651,48.84734683460296,2.4325836014183,2
VIR,monomodalStopPlace:43225,43225,Viry-Châtillon,IDFM:60981,48.67590783936994,2.387021960013403,4
VIT,monomodalStopPlace:46375,46375,Vitry-sur-Seine,IDFM:70313,48.80028105254759,2.40269438767449,3
VOS,monomodalStopPlace:47967,47967,Vosves,IDFM:61850,48.51507609100275,2.5994097381795305,5
VRA,monomodalStopPlace:43194,43194,Sevran - Livry,IDFM:73439,48.93640164880271,2.5352889927291447,4
VRY,monomodalStopPlace:45745,45745,Évry - Val de Seine,IDFM:60522,48.63439299320402,2.4523091616356028,5
YER,monomodalStopPlace:43226,43226,Yerres,IDFM:63044,48.7064507273249,2.483187005163047,4
YVR,monomodalStopPlace:58288,58288,Les Yvris Noisy-le-Grand,IDFM:73096,48.82311348135466,2.5799804563719477,4
